[{"model": "admin.logentry", "pk": 1, "fields": {"action_time": "2024-03-14T20:39:55.916Z", "user": 5, "content_type": 17, "object_id": "1", "object_repr": "Yandex", "action_flag": 1, "change_message": "[{\"added\": {}}]"}}, {"model": "admin.logentry", "pk": 2, "fields": {"action_time": "2024-03-14T20:57:08.372Z", "user": 5, "content_type": 3, "object_id": "1", "object_repr": "basic", "action_flag": 1, "change_message": "[{\"added\": {}}]"}}, {"model": "admin.logentry", "pk": 3, "fields": {"action_time": "2024-03-14T20:57:16.806Z", "user": 5, "content_type": 3, "object_id": "2", "object_repr": "premium", "action_flag": 1, "change_message": "[{\"added\": {}}]"}}, {"model": "admin.logentry", "pk": 4, "fields": {"action_time": "2024-03-16T12:57:43.143Z", "user": 5, "content_type": 3, "object_id": "1", "object_repr": "basic", "action_flag": 3, "change_message": ""}}, {"model": "admin.logentry", "pk": 5, "fields": {"action_time": "2024-03-16T12:57:45.937Z", "user": 5, "content_type": 3, "object_id": "2", "object_repr": "premium", "action_flag": 3, "change_message": ""}}, {"model": "admin.logentry", "pk": 6, "fields": {"action_time": "2024-03-16T12:58:27.079Z", "user": 5, "content_type": 3, "object_id": "3", "object_repr": "common", "action_flag": 1, "change_message": "[{\"added\": {}}]"}}, {"model": "admin.logentry", "pk": 7, "fields": {"action_time": "2024-03-16T12:58:34.032Z", "user": 5, "content_type": 3, "object_id": "4", "object_repr": "authors", "action_flag": 1, "change_message": "[{\"added\": {}}]"}}, {"model": "admin.logentry", "pk": 8, "fields": {"action_time": "2024-03-16T14:11:26.856Z", "user": 5, "content_type": 4, "object_id": "5", "object_repr": "admin", "action_flag": 2, "change_message": "[{\"changed\": {\"fields\": [\"Groups\"]}}]"}}, {"model": "admin.logentry", "pk": 9, "fields": {"action_time": "2024-03-16T14:12:30.617Z", "user": 5, "content_type": 4, "object_id": "5", "object_repr": "admin", "action_flag": 2, "change_message": "[]"}}, {"model": "admin.logentry", "pk": 10, "fields": {"action_time": "2024-03-16T14:46:21.477Z", "user": 5, "content_type": 4, "object_id": "5", "object_repr": "admin", "action_flag": 2, "change_message": "[{\"changed\": {\"fields\": [\"Groups\"]}}]"}}, {"model": "admin.logentry", "pk": 11, "fields": {"action_time": "2024-03-16T14:58:05.791Z", "user": 5, "content_type": 4, "object_id": "5", "object_repr": "admin", "action_flag": 2, "change_message": "[{\"changed\": {\"fields\": [\"Groups\"]}}]"}}, {"model": "admin.logentry", "pk": 12, "fields": {"action_time": "2024-03-16T15:00:26.618Z", "user": 5, "content_type": 4, "object_id": "5", "object_repr": "admin", "action_flag": 2, "change_message": "[{\"changed\": {\"fields\": [\"Groups\"]}}]"}}, {"model": "admin.logentry", "pk": 13, "fields": {"action_time": "2024-03-16T15:01:34.224Z", "user": 5, "content_type": 4, "object_id": "5", "object_repr": "admin", "action_flag": 2, "change_message": "[{\"changed\": {\"fields\": [\"Groups\"]}}]"}}, {"model": "admin.logentry", "pk": 14, "fields": {"action_time": "2024-03-16T15:14:56.446Z", "user": 5, "content_type": 4, "object_id": "5", "object_repr": "admin", "action_flag": 2, "change_message": "[{\"changed\": {\"fields\": [\"Groups\"]}}]"}}, {"model": "admin.logentry", "pk": 15, "fields": {"action_time": "2024-03-16T15:16:12.985Z", "user": 5, "content_type": 4, "object_id": "5", "object_repr": "admin", "action_flag": 2, "change_message": "[{\"changed\": {\"fields\": [\"Groups\"]}}]"}}, {"model": "admin.logentry", "pk": 16, "fields": {"action_time": "2024-03-18T20:37:42.886Z", "user": 5, "content_type": 3, "object_id": "4", "object_repr": "authors", "action_flag": 2, "change_message": "[{\"changed\": {\"fields\": [\"Permissions\"]}}]"}}, {"model": "admin.logentry", "pk": 17, "fields": {"action_time": "2024-03-18T21:04:09.080Z", "user": 5, "content_type": 4, "object_id": "5", "object_repr": "admin", "action_flag": 2, "change_message": "[{\"changed\": {\"fields\": [\"Groups\"]}}]"}}, {"model": "admin.logentry", "pk": 18, "fields": {"action_time": "2024-03-18T21:04:48.660Z", "user": 5, "content_type": 4, "object_id": "5", "object_repr": "admin", "action_flag": 2, "change_message": "[{\"changed\": {\"fields\": [\"Groups\"]}}]"}}, {"model": "admin.logentry", "pk": 19, "fields": {"action_time": "2024-03-18T21:05:30.838Z", "user": 5, "content_type": 4, "object_id": "7", "object_repr": "mesto2297", "action_flag": 2, "change_message": "[{\"changed\": {\"fields\": [\"Groups\"]}}]"}}, {"model": "admin.logentry", "pk": 20, "fields": {"action_time": "2024-03-25T17:25:31.512Z", "user": 5, "content_type": 9, "object_id": "14", "object_repr": "Фффффффф Фффффффф: ФФФФФФФФ ФФФФФФФФ ФФФФФФФФ...", "action_flag": 3, "change_message": ""}}, {"model": "admin.logentry", "pk": 21, "fields": {"action_time": "2024-03-25T17:25:34.287Z", "user": 5, "content_type": 9, "object_id": "13", "object_repr": "Фффффффф Фффффффф: ФФФФФФФФ ФФФФФФФФ ФФФФФФФФ...", "action_flag": 3, "change_message": ""}}, {"model": "admin.logentry", "pk": 22, "fields": {"action_time": "2024-03-25T17:25:37.828Z", "user": 5, "content_type": 9, "object_id": "11", "object_repr": "Зенит” Разгромил “Спартак” В Центральном Матче 20-Го Тура Российской Премьер-Лиги.: Встреча, прошедшая на “Газпром Арене” в Санкт-Петербурге, завершилась со счетом 3:0 в пользу хозяев поля. Голы на св", "action_flag": 3, "change_message": ""}}, {"model": "admin.logentry", "pk": 23, "fields": {"action_time": "2024-03-26T09:52:24.726Z", "user": 5, "content_type": 4, "object_id": "8", "object_repr": "jason2297", "action_flag": 3, "change_message": ""}}, {"model": "admin.logentry", "pk": 24, "fields": {"action_time": "2024-03-26T10:19:49.140Z", "user": 5, "content_type": 9, "object_id": "16", "object_repr": "Зима Пришла В Город: Первые Заморозки И Обильные Снегопады Обещают Сделать Эту Зиму Особенной: С наступлением зимы, в нашем городе начались первые заморозки. Местные жители и коммунальные службы готов", "action_flag": 3, "change_message": ""}}, {"model": "admin.logentry", "pk": 25, "fields": {"action_time": "2024-03-26T17:40:38.713Z", "user": 5, "content_type": 9, "object_id": "18", "object_repr": "Зима Зима Зима: Зима Зима зимаЗима Зима зимаЗима Зима зимаЗима Зима зимаЗима Зима зимаЗима Зима зима...", "action_flag": 3, "change_message": ""}}, {"model": "admin.logentry", "pk": 26, "fields": {"action_time": "2024-03-26T17:40:43.373Z", "user": 5, "content_type": 9, "object_id": "17", "object_repr": "Зима Пришла В Город: Первые Заморозки И Обильные Снегопады Обещают Сделать Эту Зиму Особенной: С наступлением зимы, в нашем городе начались первые заморозки. Местные жители и коммунальные службы готов", "action_flag": 3, "change_message": ""}}, {"model": "admin.logentry", "pk": 27, "fields": {"action_time": "2024-03-26T20:55:46.736Z", "user": 5, "content_type": 4, "object_id": "9", "object_repr": "jason2297", "action_flag": 3, "change_message": ""}}, {"model": "admin.logentry", "pk": 28, "fields": {"action_time": "2024-03-26T21:03:38.576Z", "user": 5, "content_type": 4, "object_id": "10", "object_repr": "jason2297", "action_flag": 3, "change_message": ""}}, {"model": "admin.logentry", "pk": 29, "fields": {"action_time": "2024-03-26T21:11:00.024Z", "user": 5, "content_type": 4, "object_id": "11", "object_repr": "jason2297", "action_flag": 3, "change_message": ""}}, {"model": "admin.logentry", "pk": 30, "fields": {"action_time": "2024-03-26T21:16:29.412Z", "user": 5, "content_type": 4, "object_id": "12", "object_repr": "jason2297", "action_flag": 3, "change_message": ""}}, {"model": "admin.logentry", "pk": 31, "fields": {"action_time": "2024-03-28T19:57:26.025Z", "user": 5, "content_type": 9, "object_id": "6", "object_repr": "Зима Пришла: В Москве Начинается Первый Снег: На Москву этой ночью обрушился первый снег, знаменуя наступление зимы. Снежный покров образовался на некоторых улицах города,...", "action_flag": 3, "change_message": ""}}, {"model": "admin.logentry", "pk": 32, "fields": {"action_time": "2024-03-28T20:28:13.331Z", "user": 5, "content_type": 9, "object_id": "9", "object_repr": "Студенческие Зимние Игры: Молодежь Соревнуется В Зимних Видах Спорта: В городе N завершились Студенческие Зимние Игры, которые стали настоящим праздником спорта и молодости. В этом году в соревно...", "action_flag": 3, "change_message": ""}}, {"model": "admin.logentry", "pk": 33, "fields": {"action_time": "2024-03-30T12:06:24.597Z", "user": 5, "content_type": 4, "object_id": "13", "object_repr": "jason2297", "action_flag": 2, "change_message": "[{\"changed\": {\"fields\": [\"Groups\"]}}]"}}, {"model": "admin.logentry", "pk": 34, "fields": {"action_time": "2024-03-30T14:53:27.179Z", "user": 5, "content_type": 4, "object_id": "7", "object_repr": "mesto2297", "action_flag": 3, "change_message": ""}}, {"model": "admin.logentry", "pk": 35, "fields": {"action_time": "2024-03-31T18:42:02.969Z", "user": 5, "content_type": 4, "object_id": "13", "object_repr": "jason2297", "action_flag": 3, "change_message": ""}}, {"model": "admin.logentry", "pk": 36, "fields": {"action_time": "2024-03-31T18:49:45.449Z", "user": 5, "content_type": 4, "object_id": "15", "object_repr": "jason2297", "action_flag": 3, "change_message": ""}}, {"model": "admin.logentry", "pk": 37, "fields": {"action_time": "2024-04-26T17:23:24.250Z", "user": 5, "content_type": 4, "object_id": "16", "object_repr": "jason2297", "action_flag": 3, "change_message": ""}}, {"model": "admin.logentry", "pk": 38, "fields": {"action_time": "2024-04-26T17:34:56.015Z", "user": 5, "content_type": 4, "object_id": "17", "object_repr": "jason2297", "action_flag": 3, "change_message": ""}}, {"model": "admin.logentry", "pk": 39, "fields": {"action_time": "2024-04-26T17:58:00.650Z", "user": 5, "content_type": 4, "object_id": "18", "object_repr": "jason2297", "action_flag": 3, "change_message": ""}}, {"model": "admin.logentry", "pk": 40, "fields": {"action_time": "2024-04-28T11:48:03.487Z", "user": 5, "content_type": 9, "object_id": "33", "object_repr": "Новость Для Кеша: Новость для кешаНовость для кешаНовость для кешаНовость для кеша...", "action_flag": 3, "change_message": ""}}, {"model": "admin.logentry", "pk": 41, "fields": {"action_time": "2024-04-28T11:48:06.122Z", "user": 5, "content_type": 9, "object_id": "32", "object_repr": "Новость Для Кеша: Новость для кешаНовость для кешаНовость для кешаНовость для кеша...", "action_flag": 3, "change_message": ""}}, {"model": "admin.logentry", "pk": 42, "fields": {"action_time": "2024-04-28T11:48:19.515Z", "user": 5, "content_type": 9, "object_id": "31", "object_repr": "Новость Для Кеша: Новость для кешаНовость для кешаНовость для кешаНовость для кеша...", "action_flag": 3, "change_message": ""}}, {"model": "admin.logentry", "pk": 43, "fields": {"action_time": "2024-04-28T13:57:17.198Z", "user": 5, "content_type": 9, "object_id": "34", "object_repr": "Добавление Кеша: Изменение статьи . Поменяли потому что надо...", "action_flag": 2, "change_message": "[{\"changed\": {\"fields\": [\"Text\"]}}]"}}, {"model": "admin.logentry", "pk": 44, "fields": {"action_time": "2024-04-28T13:57:56.094Z", "user": 5, "content_type": 9, "object_id": "34", "object_repr": "Добавление Кеша: Изменение статьи . А теперь снова изменим...", "action_flag": 2, "change_message": "[{\"changed\": {\"fields\": [\"Text\"]}}]"}}, {"model": "admin.logentry", "pk": 45, "fields": {"action_time": "2024-04-28T13:58:44.240Z", "user": 5, "content_type": 9, "object_id": "34", "object_repr": "Добавление Кеша: Изменение статьи . А теперь снова изменим...", "action_flag": 2, "change_message": "[]"}}, {"model": "admin.logentry", "pk": 46, "fields": {"action_time": "2024-04-28T14:02:51.070Z", "user": 5, "content_type": 9, "object_id": "34", "object_repr": "Добавление Кеша: Через админ поменял...", "action_flag": 2, "change_message": "[{\"changed\": {\"fields\": [\"Text\"]}}]"}}, {"model": "admin.logentry", "pk": 47, "fields": {"action_time": "2024-04-28T14:03:14.385Z", "user": 5, "content_type": 9, "object_id": "34", "object_repr": "Добавление Кеша: Через админ поменял. и еще раз...", "action_flag": 2, "change_message": "[{\"changed\": {\"fields\": [\"Text\"]}}]"}}, {"model": "admin.logentry", "pk": 48, "fields": {"action_time": "2024-04-28T16:49:00.926Z", "user": 5, "content_type": 9, "object_id": "34", "object_repr": "Добавление Кеша: Исправил опять...", "action_flag": 2, "change_message": "[{\"changed\": {\"fields\": [\"Text\"]}}]"}}, {"model": "admin.logentry", "pk": 49, "fields": {"action_time": "2024-04-28T16:50:51.619Z", "user": 5, "content_type": 9, "object_id": "34", "object_repr": "Добавление Кеша: Исправил снова...", "action_flag": 2, "change_message": "[{\"changed\": {\"fields\": [\"Text\"]}}]"}}, {"model": "admin.logentry", "pk": 50, "fields": {"action_time": "2024-04-28T17:44:53.719Z", "user": 5, "content_type": 9, "object_id": "34", "object_repr": "Добавление Кеша: Опять опять опять...", "action_flag": 2, "change_message": "[{\"changed\": {\"fields\": [\"Text\"]}}]"}}, {"model": "admin.logentry", "pk": 51, "fields": {"action_time": "2024-04-28T17:45:11.077Z", "user": 5, "content_type": 9, "object_id": "34", "object_repr": "Добавление Кеша: Снова снова снова...", "action_flag": 2, "change_message": "[{\"changed\": {\"fields\": [\"Text\"]}}]"}}, {"model": "admin.logentry", "pk": 52, "fields": {"action_time": "2024-04-28T17:45:32.321Z", "user": 5, "content_type": 9, "object_id": "34", "object_repr": "Добавление Кеша: Снова снова снова...", "action_flag": 2, "change_message": "[]"}}, {"model": "admin.logentry", "pk": 53, "fields": {"action_time": "2024-04-28T17:46:12.687Z", "user": 5, "content_type": 9, "object_id": "34", "object_repr": "Добавление Кеша: Снова исправил...", "action_flag": 2, "change_message": "[{\"changed\": {\"fields\": [\"Text\"]}}]"}}, {"model": "auth.group", "pk": 3, "fields": {"name": "common", "permissions": []}}, {"model": "auth.group", "pk": 4, "fields": {"name": "authors", "permissions": [33, 34, 35, 36]}}, {"model": "auth.user", "pk": 1, "fields": {"password": "!VSltKk7MYzXlexkQ6MRSOf6b2FdiHtMcxWBNckNt", "last_login": null, "is_superuser": false, "username": "Sasha", "first_name": "", "last_name": "", "email": "", "is_staff": false, "is_active": true, "date_joined": "2024-02-12T20:00:47.251Z", "groups": [], "user_permissions": []}}, {"model": "auth.user", "pk": 2, "fields": {"password": "!C9U93qVRptr8dbGgIUJ95uGotJV4kldIw84G2HRD", "last_login": null, "is_superuser": false, "username": "Marina", "first_name": "", "last_name": "", "email": "", "is_staff": false, "is_active": true, "date_joined": "2024-02-12T20:00:47.256Z", "groups": [], "user_permissions": []}}, {"model": "auth.user", "pk": 3, "fields": {"password": "!xJu2fIMGe2qWMkBg2m7BOkEhKSGwjWMUMfvcDkAO", "last_login": null, "is_superuser": false, "username": "Anton", "first_name": "", "last_name": "", "email": "", "is_staff": false, "is_active": true, "date_joined": "2024-02-12T20:00:47.942Z", "groups": [], "user_permissions": []}}, {"model": "auth.user", "pk": 4, "fields": {"password": "!tAj64omkhtaJqzqXush7eYN1uEThF4qrd1BUC3Y5", "last_login": null, "is_superuser": false, "username": "Molchun", "first_name": "", "last_name": "", "email": "", "is_staff": false, "is_active": true, "date_joined": "2024-02-13T20:03:45.747Z", "groups": [], "user_permissions": []}}, {"model": "auth.user", "pk": 5, "fields": {"password": "pbkdf2_sha256$720000$1nmFBDGVNzNr9JqftTmy3z$imheSZIgv1e1JRwJJzC7J+7NsLfU9XCYoVeBCCK4GEE=", "last_login": "2024-04-26T17:26:43.851Z", "is_superuser": true, "username": "admin", "first_name": "", "last_name": "", "email": "", "is_staff": true, "is_active": true, "date_joined": "2024-02-17T21:27:56Z", "groups": [3], "user_permissions": []}}, {"model": "auth.user", "pk": 6, "fields": {"password": "pbkdf2_sha256$720000$0zxPOcJMp8kZOALK4waY1s$ZM88fYNVE///svbZgMv1erpH1KG3AEoMv7bXUAT5xCM=", "last_login": "2024-03-14T20:27:08.099Z", "is_superuser": false, "username": "user", "first_name": "", "last_name": "", "email": "user@user.ru", "is_staff": false, "is_active": true, "date_joined": "2024-03-14T20:25:07.192Z", "groups": [], "user_permissions": []}}, {"model": "auth.user", "pk": 14, "fields": {"password": "!4pqMvM1ERLaJKVTOo2pas2ooHfY6OSMbXGpMyp3t", "last_login": "2024-04-27T14:08:52.475Z", "is_superuser": false, "username": "mesto2297", "first_name": "Борис", "last_name": "Мясников", "email": "mesto2297@yandex.ru", "is_staff": false, "is_active": true, "date_joined": "2024-03-30T14:53:38.369Z", "groups": [4], "user_permissions": []}}, {"model": "auth.user", "pk": 19, "fields": {"password": "pbkdf2_sha256$720000$6HpU9BfyNxInqm68zKX7zD$ZykAhbyNLLcyDKkKgUBO1WjzqvdLPqWMByMlP1Sl6t4=", "last_login": "2024-04-26T17:58:53.220Z", "is_superuser": false, "username": "jason2297", "first_name": "", "last_name": "", "email": "Jason2297@mail.ru", "is_staff": false, "is_active": true, "date_joined": "2024-04-26T17:58:14.105Z", "groups": [3, 4], "user_permissions": []}}, {"model": "sessions.session", "pk": "9pj7vctuanacs8wibxiabn3uwr2y27um", "fields": {"session_data": ".eJxVjDsOwjAQBe_iGlnxF4eSPmewdtdrHEC2FCcV4u4QKQW0b2beS0TY1hK3zkuck7gIJ06_GwI9uO4g3aHemqRW12VGuSvyoF1OLfHzerh_BwV6-daZAXgIzEikDPKQztaxzd4SZFKeUCdN2Wejc0AMqNno0aGylHB0Trw_O2Q5qQ:1reAgl:ibkava09X0KrubnMgSYcd_Ri5C0iVUYn-4o6brx4SZU", "expire_date": "2024-03-10T12:20:51.365Z"}}, {"model": "sessions.session", "pk": "aovcna4i07jz67vsv04uyufy4zw6rwig", "fields": {"session_data": ".eJxtUMtuhDAQ-5c5I5QHZAintr9RVWhIQknLhhUJfWi1_15CUautehvZHtvyBciYeQ2pe3OLH7yznTuRn6AN6zQVP-wa3QItPMMvRGsaXUjeUPJz6E4ujbON0D5e4Pve9GeK8X1ebH5L0HLkXDMmmS6FYI1EVcARBy8U5yCExrsMlMsK16cC9pQ9vfPZkCu4AXsyry5khqYpw-VRr9w1Bx3L-5uyD8fXjdVIcdx8eql7NRCKSlmljTQa0dgKa1kjSsl6O5DgtWE9Q2xUU0mtLHMSa6qqweH_C227_h1A8s1maxBdjHlA93H2yye07PoF1WaGQw:1rqxTJ:7iUxeW7lkRd0uZ65O6OFpcm2KNs-Nts0KSvszBDGJ6o", "expire_date": "2024-04-14T18:51:49.232Z"}}, {"model": "sessions.session", "pk": "awrq8er4ylnxt2slx5uvxtzymxxqxy6w", "fields": {"session_data": ".eJxVjDsOwjAQBe_iGlnxF4eSPmewdtdrHEC2FCcV4u4QKQW0b2beS0TY1hK3zkuck7gIJ06_GwI9uO4g3aHemqRW12VGuSvyoF1OLfHzerh_BwV6-daZAXgIzEikDPKQztaxzd4SZFKeUCdN2Wejc0AMqNno0aGylHB0Trw_O2Q5qQ:1rbPQD:gnh0MkwOe6bGiFqcWqUgrQmtDOOX0nqbCt_kq-z9-oc", "expire_date": "2024-03-02T21:28:21.938Z"}}, {"model": "sessions.session", "pk": "h0e0zri4dqppq205ptoc9is1y9b8llk7", "fields": {"session_data": ".eJxlUMluhDAM_RefESILWbi1v1FVyNlEVJpUJIymGs2_FygX2pv1NtvvAWhtXlMdca2TTzVarDGn8dPXKbsCw9sDfmcYoGQbcT4d0ABWGIgknFKhGW25UISxBr6WfIvOL5vjG5Pz9026xj1AK816qTsJz_cGjp3jWvwyHizhcAEN2g-fdgbneYfbc3V7aE66tC-X019P1yVqwjJtOcE40gdhGCGyMzQwj4I5hVpapZEqwjGgIpb20nottRB9Rw0Gjs4YJdj-8_--vBv_NiEl6djzB3Zacjs:1s0ijU:X4hu--Yx8bN2wWfDUR9aTgLAm4LpbTjYHXz9nXRgo50", "expire_date": "2024-05-11T14:08:52.478Z"}}, {"model": "sessions.session", "pk": "y91goqc1k6wqto60mx90dt6pe033wdz3", "fields": {"session_data": ".eJxVjDsOwjAQBe_iGlnxF4eSPmewdtdrHEC2FCcV4u4QKQW0b2beS0TY1hK3zkuck7gIJ06_GwI9uO4g3aHemqRW12VGuSvyoF1OLfHzerh_BwV6-daZAXgIzEikDPKQztaxzd4SZFKeUCdN2Wejc0AMqNno0aGylHB0Trw_O2Q5qQ:1rkpIM:9GHHoeoBd2cf_1FMZ9IYoHJpOJABJiLEMfeQPJaWex0", "expire_date": "2024-03-28T20:55:10.966Z"}}, {"model": "sessions.session", "pk": "z6bqd7599uxst7r6v0kflp9nloa0ei50", "fields": {"session_data": ".eJxVjDsOwjAQBe_iGlnxF4eSPmewdtdrHEC2FCcV4u4QKQW0b2beS0TY1hK3zkuck7gIJ06_GwI9uO4g3aHemqRW12VGuSvyoF1OLfHzerh_BwV6-daZAXgIzEikDPKQztaxzd4SZFKeUCdN2Wejc0AMqNno0aGylHB0Trw_O2Q5qQ:1s0PLP:NbTy21cMcLgnq1Uo7KbV3Oq1Yi8trRTZT-2AbZ-Ugro", "expire_date": "2024-05-10T17:26:43.855Z"}}, {"model": "sites.site", "pk": 1, "fields": {"domain": "example.com", "name": "example.com"}}, {"model": "account.emailaddress", "pk": 1, "fields": {"user": 6, "email": "user@user.ru", "verified": false, "primary": true}}, {"model": "account.emailaddress", "pk": 9, "fields": {"user": 14, "email": "mesto2297@yandex.ru", "verified": true, "primary": true}}, {"model": "account.emailaddress", "pk": 14, "fields": {"user": 19, "email": "Jason2297@mail.ru", "verified": true, "primary": true}}, {"model": "socialaccount.socialapp", "pk": 1, "fields": {"provider": "yandex", "provider_id": "", "name": "Yandex", "client_id": "630205aede9a40648d3d3b42b89b8d43", "secret": "76102e26af0a421d9e362cf5cd019e75", "key": "", "settings": {}, "sites": [1]}}, {"model": "socialaccount.socialaccount", "pk": 2, "fields": {"user": 14, "provider": "yandex", "uid": "989357907", "last_login": "2024-04-27T14:08:52.445Z", "date_joined": "2024-03-30T14:53:38.409Z", "extra_data": {"id": "989357907", "login": "mesto2297", "client_id": "630205aede9a40648d3d3b42b89b8d43", "display_name": "mesto2297", "real_name": "Борис Мясников", "first_name": "Борис", "last_name": "Мясников", "sex": "male", "default_email": "mesto2297@yandex.ru", "emails": ["mesto2297@yandex.ru"], "psuid": "1.AAtwtQ.4XHEwAgj2upkyO27iT4VeA.h1FuYM5F5-tQBx3PkQW7WQ"}}}, {"model": "news.author", "pk": 1, "fields": {"user": 1, "rating": 4}}, {"model": "news.author", "pk": 2, "fields": {"user": 2, "rating": 29}}, {"model": "news.author", "pk": 3, "fields": {"user": 3, "rating": 12}}, {"model": "news.author", "pk": 4, "fields": {"user": 4, "rating": 0}}, {"model": "news.author", "pk": 6, "fields": {"user": 14, "rating": 0}}, {"model": "news.author", "pk": 8, "fields": {"user": 19, "rating": 0}}, {"model": "news.category", "pk": 1, "fields": {"category": "Sport", "subscriber": [19]}}, {"model": "news.category", "pk": 2, "fields": {"category": "Russia", "subscriber": [14]}}, {"model": "news.category", "pk": 3, "fields": {"category": "Winter", "subscriber": [5, 14]}}, {"model": "news.category", "pk": 4, "fields": {"category": "Game", "subscriber": [19]}}, {"model": "news.category", "pk": 5, "fields": {"category": "Study", "subscriber": []}}, {"model": "news.post", "pk": 1, "fields": {"author": 1, "choice_field": "A", "data_in": "2024-02-12T20:49:36.727Z", "title": "Спорт в нашей жизни", "text": "Сегодня спорт является неотъемлемой частью жизни многих людей.", "rating": 2}}, {"model": "news.post", "pk": 2, "fields": {"author": 2, "choice_field": "A", "data_in": "2024-02-12T20:53:20.833Z", "title": "Зимний спорт в России", "text": "Один из самых популярных зимних видов спорта в России - хоккей. В стране есть много профессиональных хоккейных команд, которые выступают в различных лигах, включая КХЛ и ВХЛ. Также растет интерес к фигурному катанию, особенно среди женщин. Российские фигуристки занимают призовые места на международных соревнованиях и являются лидерами в этом виде спорта.", "rating": 10}}, {"model": "news.post", "pk": 3, "fields": {"author": 3, "choice_field": "N", "data_in": "2024-02-12T20:55:12.124Z", "title": "Обучающая игра для детей стала хитом в России!", "text": "Компания “Образовательные технологии”, разработчик обучающих игр для детей, сообщила о том, что их последняя разработка - игра “Умняшки” - стала хитом на российском рынке. Игра, предназначенная для детей в возрасте от 3 до 6 лет, помогает им развивать свои навыки и знания в различных областях, таких как математика, чтение, логика и многое другое.", "rating": 2}}, {"model": "news.post", "pk": 4, "fields": {"author": 1, "choice_field": "N", "data_in": "2024-02-12T20:57:16.349Z", "title": "Зимнее обновление в популярной игре получило множество положительных отзывов!", "text": "Разработчики популярной многопользовательской онлайн-игры сообщили о выходе зимнего обновления, которое получило множество положительных отзывов от игроков. Обновление добавляет в игру новые зимние локации, персонажей и предметы, а также разнообразные зимние активности, такие как снегоходы, лыжи и коньки.\r\nТак же люди начали чаще играть.", "rating": -3}}, {"model": "news.post", "pk": 5, "fields": {"author": 1, "choice_field": "N", "data_in": "2024-03-10T11:30:27.835Z", "title": "Сборная Бразилии по футболу возвращается на вершину мира", "text": "В последнее время бразильский футбол переживает период возрождения, и это уже начинает отражаться на успехах национальной сборной. После успешного выступления на Кубке Америки в 2019 году сборная Бразилии продолжает демонстрировать высокий уровень игры и стремление к победам.", "rating": 0}}, {"model": "news.post", "pk": 15, "fields": {"author": 2, "choice_field": "N", "data_in": "2024-03-25T17:27:26.532Z", "title": "“Зенит” разгромил “Спартак” в центральном матче 20-го тура российской Премьер-лиги.", "text": "Встреча, прошедшая на “Газпром Арене” в Санкт-Петербурге, завершилась со счетом 3:0 в пользу хозяев поля. Голы на свой счет записали Артем Дзюба, Сердар Азмун и Олег Шатов.\r\nБлагодаря этой победе “Зенит” укрепил свое лидерство в турнирной таблице, оторвавшись от ближайшего преследователя на 5 очков.", "rating": 0}}, {"model": "news.post", "pk": 19, "fields": {"author": 1, "choice_field": "N", "data_in": "2024-03-29T20:53:08.794Z", "title": "Новость Новость Новость", "text": "Новость Новость НовостьНовость Новость НовостьНовость Новость НовостьНовость Новость НовостьНовость Новость Новость", "rating": 0}}, {"model": "news.post", "pk": 22, "fields": {"author": 6, "choice_field": "A", "data_in": "2024-03-30T14:54:15.722Z", "title": "Новая статья Новая статья", "text": "Новая статья Новая статья Новая статья Новая статья Новая статья Новая статья", "rating": 0}}, {"model": "news.post", "pk": 23, "fields": {"author": 6, "choice_field": "N", "data_in": "2024-03-30T15:43:08.687Z", "title": "Новая новость нве", "text": "Новая новость нвеНовая новость нве", "rating": 0}}, {"model": "news.post", "pk": 24, "fields": {"author": 6, "choice_field": "A", "data_in": "2024-03-30T15:44:19.030Z", "title": "Новая статья статья", "text": "Новая статья статьяНовая статья статьяНовая статья статья", "rating": 0}}, {"model": "news.post", "pk": 26, "fields": {"author": 8, "choice_field": "A", "data_in": "2024-04-26T18:13:22.900Z", "title": "Пробный пост", "text": "Пробный пост Пробный пост Пробный пост", "rating": 0}}, {"model": "news.post", "pk": 27, "fields": {"author": 8, "choice_field": "N", "data_in": "2024-04-27T11:04:08.964Z", "title": "Новость новость новость Одна", "text": "Новость новость новость ОднаНовость новость новость ОднаНовость новость новость ОднаНовость новость новость ОднаНовость новость новость ОднаНовость новость новость ОднаНовость новость новость ОднаНовость новость новость ОднаНовость новость новость Одна", "rating": 0}}, {"model": "news.post", "pk": 28, "fields": {"author": 8, "choice_field": "N", "data_in": "2024-04-27T11:09:28.785Z", "title": "Пост Пост Новый пост", "text": "Пост Пост Новый пост Пост Пост Новый пост Пост Пост Новый пост Пост Пост Новый пост Пост Пост Новый пост Пост Пост Новый пост Пост Пост Новый пост", "rating": 0}}, {"model": "news.post", "pk": 29, "fields": {"author": 8, "choice_field": "N", "data_in": "2024-04-27T13:57:51.097Z", "title": "Заголовок:Заголовок:", "text": "Заголовок:Заголовок:Заголовок:Заголовок:Заголовок:Заголовок:Заголовок:Заголовок:Заголовок:", "rating": 0}}, {"model": "news.post", "pk": 30, "fields": {"author": 6, "choice_field": "N", "data_in": "2024-04-27T14:09:01.735Z", "title": "И снова новый И снова новый И снова новый", "text": "И снова новый И снова новый И снова новый И снова новый И снова новый И снова новый И снова новый И снова новый И снова новый", "rating": 0}}, {"model": "news.post", "pk": 34, "fields": {"author": 6, "choice_field": "N", "data_in": "2024-04-28T11:48:49.513Z", "title": "Добавление кеша", "text": "Снова исправил", "rating": 0}}, {"model": "news.postcategory", "pk": 1, "fields": {"post": 1, "category": 1}}, {"model": "news.postcategory", "pk": 2, "fields": {"post": 2, "category": 1}}, {"model": "news.postcategory", "pk": 3, "fields": {"post": 2, "category": 3}}, {"model": "news.postcategory", "pk": 4, "fields": {"post": 2, "category": 2}}, {"model": "news.postcategory", "pk": 5, "fields": {"post": 3, "category": 2}}, {"model": "news.postcategory", "pk": 6, "fields": {"post": 3, "category": 4}}, {"model": "news.postcategory", "pk": 7, "fields": {"post": 3, "category": 5}}, {"model": "news.postcategory", "pk": 8, "fields": {"post": 4, "category": 3}}, {"model": "news.postcategory", "pk": 9, "fields": {"post": 4, "category": 4}}, {"model": "news.postcategory", "pk": 10, "fields": {"post": 5, "category": 1}}, {"model": "news.postcategory", "pk": 18, "fields": {"post": 19, "category": 1}}, {"model": "news.postcategory", "pk": 19, "fields": {"post": 19, "category": 2}}, {"model": "news.postcategory", "pk": 20, "fields": {"post": 19, "category": 3}}, {"model": "news.postcategory", "pk": 21, "fields": {"post": 19, "category": 4}}, {"model": "news.postcategory", "pk": 22, "fields": {"post": 19, "category": 5}}, {"model": "news.postcategory", "pk": 33, "fields": {"post": 22, "category": 1}}, {"model": "news.postcategory", "pk": 34, "fields": {"post": 22, "category": 2}}, {"model": "news.postcategory", "pk": 35, "fields": {"post": 22, "category": 3}}, {"model": "news.postcategory", "pk": 36, "fields": {"post": 22, "category": 4}}, {"model": "news.postcategory", "pk": 37, "fields": {"post": 22, "category": 5}}, {"model": "news.postcategory", "pk": 38, "fields": {"post": 23, "category": 1}}, {"model": "news.postcategory", "pk": 39, "fields": {"post": 23, "category": 2}}, {"model": "news.postcategory", "pk": 40, "fields": {"post": 23, "category": 3}}, {"model": "news.postcategory", "pk": 41, "fields": {"post": 23, "category": 4}}, {"model": "news.postcategory", "pk": 42, "fields": {"post": 23, "category": 5}}, {"model": "news.postcategory", "pk": 43, "fields": {"post": 24, "category": 1}}, {"model": "news.postcategory", "pk": 44, "fields": {"post": 24, "category": 2}}, {"model": "news.postcategory", "pk": 45, "fields": {"post": 24, "category": 3}}, {"model": "news.postcategory", "pk": 46, "fields": {"post": 24, "category": 4}}, {"model": "news.postcategory", "pk": 52, "fields": {"post": 26, "category": 1}}, {"model": "news.postcategory", "pk": 53, "fields": {"post": 26, "category": 2}}, {"model": "news.postcategory", "pk": 54, "fields": {"post": 26, "category": 3}}, {"model": "news.postcategory", "pk": 55, "fields": {"post": 26, "category": 4}}, {"model": "news.postcategory", "pk": 56, "fields": {"post": 26, "category": 5}}, {"model": "news.postcategory", "pk": 57, "fields": {"post": 27, "category": 1}}, {"model": "news.postcategory", "pk": 58, "fields": {"post": 27, "category": 2}}, {"model": "news.postcategory", "pk": 59, "fields": {"post": 27, "category": 3}}, {"model": "news.postcategory", "pk": 60, "fields": {"post": 27, "category": 4}}, {"model": "news.postcategory", "pk": 61, "fields": {"post": 27, "category": 5}}, {"model": "news.postcategory", "pk": 62, "fields": {"post": 28, "category": 1}}, {"model": "news.postcategory", "pk": 63, "fields": {"post": 28, "category": 2}}, {"model": "news.postcategory", "pk": 64, "fields": {"post": 28, "category": 3}}, {"model": "news.postcategory", "pk": 65, "fields": {"post": 28, "category": 4}}, {"model": "news.postcategory", "pk": 66, "fields": {"post": 28, "category": 5}}, {"model": "news.postcategory", "pk": 67, "fields": {"post": 29, "category": 1}}, {"model": "news.postcategory", "pk": 68, "fields": {"post": 29, "category": 2}}, {"model": "news.postcategory", "pk": 69, "fields": {"post": 29, "category": 3}}, {"model": "news.postcategory", "pk": 70, "fields": {"post": 29, "category": 4}}, {"model": "news.postcategory", "pk": 71, "fields": {"post": 29, "category": 5}}, {"model": "news.postcategory", "pk": 72, "fields": {"post": 30, "category": 1}}, {"model": "news.postcategory", "pk": 73, "fields": {"post": 30, "category": 2}}, {"model": "news.postcategory", "pk": 74, "fields": {"post": 30, "category": 3}}, {"model": "news.postcategory", "pk": 75, "fields": {"post": 30, "category": 4}}, {"model": "news.postcategory", "pk": 76, "fields": {"post": 30, "category": 5}}, {"model": "news.postcategory", "pk": 77, "fields": {"post": 34, "category": 1}}, {"model": "news.postcategory", "pk": 78, "fields": {"post": 34, "category": 2}}, {"model": "news.postcategory", "pk": 79, "fields": {"post": 34, "category": 3}}, {"model": "news.postcategory", "pk": 80, "fields": {"post": 34, "category": 4}}, {"model": "news.postcategory", "pk": 81, "fields": {"post": 34, "category": 5}}, {"model": "news.comment", "pk": 1, "fields": {"post": 1, "user": 1, "text": "Отлично", "data_in": "2024-02-12T21:13:55.407Z", "rating": 3}}, {"model": "news.comment", "pk": 2, "fields": {"post": 2, "user": 1, "text": "Комментарий первого юзера ко второму посту", "data_in": "2024-02-12T21:16:35.452Z", "rating": -3}}, {"model": "news.comment", "pk": 3, "fields": {"post": 3, "user": 2, "text": "Комментарий второго пользователя к третьему посту", "data_in": "2024-02-12T21:16:35.476Z", "rating": 2}}, {"model": "news.comment", "pk": 4, "fields": {"post": 4, "user": 3, "text": "Комментарий третьего пользователя к четверному посту", "data_in": "2024-02-12T21:16:36.695Z", "rating": 4}}, {"model": "news.comment", "pk": 5, "fields": {"post": 2, "user": 2, "text": "Комментарий второо юзера ко второму посту", "data_in": "2024-02-13T20:35:46.410Z", "rating": 0}}, {"model": "django_apscheduler.djangojob", "pk": "delete_old_job_executions", "fields": {"next_run_time": "2024-04-07T21:00:00Z", "job_state": "gAWVWQQAAAAAAAB9lCiMB3ZlcnNpb26USwGMAmlklIwZZGVsZXRlX29sZF9qb2JfZXhlY3V0aW9uc5SMBGZ1bmOUjEFuZXdzLm1hbmFnZW1lbnQuY29tbWFuZHMucnVuYXBzY2hlZHVsZXI6ZGVsZXRlX29sZF9qb2JfZXhlY3V0aW9uc5SMB3RyaWdnZXKUjBlhcHNjaGVkdWxlci50cmlnZ2Vycy5jcm9ulIwLQ3JvblRyaWdnZXKUk5QpgZR9lChoAUsCjAh0aW1lem9uZZSMCGJ1aWx0aW5zlIwHZ2V0YXR0cpSTlIwIem9uZWluZm+UjAhab25lSW5mb5STlIwJX3VucGlja2xllIaUUpSMDUV1cm9wZS9Nb3Njb3eUSwGGlFKUjApzdGFydF9kYXRllE6MCGVuZF9kYXRllE6MBmZpZWxkc5RdlCiMIGFwc2NoZWR1bGVyLnRyaWdnZXJzLmNyb24uZmllbGRzlIwJQmFzZUZpZWxklJOUKYGUfZQojARuYW1llIwEeWVhcpSMCmlzX2RlZmF1bHSUiIwLZXhwcmVzc2lvbnOUXZSMJWFwc2NoZWR1bGVyLnRyaWdnZXJzLmNyb24uZXhwcmVzc2lvbnOUjA1BbGxFeHByZXNzaW9ulJOUKYGUfZSMBHN0ZXCUTnNiYXViaB2MCk1vbnRoRmllbGSUk5QpgZR9lChoIowFbW9udGiUaCSIaCVdlGgpKYGUfZRoLE5zYmF1YmgdjA9EYXlPZk1vbnRoRmllbGSUk5QpgZR9lChoIowDZGF5lGgkiGglXZRoKSmBlH2UaCxOc2JhdWJoHYwJV2Vla0ZpZWxklJOUKYGUfZQoaCKMBHdlZWuUaCSIaCVdlGgpKYGUfZRoLE5zYmF1YmgdjA5EYXlPZldlZWtGaWVsZJSTlCmBlH2UKGgijAtkYXlfb2Zfd2Vla5RoJIloJV2UaCeMFldlZWtkYXlSYW5nZUV4cHJlc3Npb26Uk5QpgZR9lChoLE6MBWZpcnN0lEsAjARsYXN0lEsAdWJhdWJoHymBlH2UKGgijARob3VylGgkiWglXZRoJ4wPUmFuZ2VFeHByZXNzaW9ulJOUKYGUfZQoaCxOaE9LAGhQSwB1YmF1YmgfKYGUfZQoaCKMBm1pbnV0ZZRoJIloJV2UaFYpgZR9lChoLE5oT0sAaFBLAHViYXViaB8pgZR9lChoIowGc2Vjb25klGgkiGglXZRoVimBlH2UKGgsTmhPSwBoUEsAdWJhdWJljAZqaXR0ZXKUTnVijAhleGVjdXRvcpSMB2RlZmF1bHSUjARhcmdzlCmMBmt3YXJnc5R9lGgiaAOMEm1pc2ZpcmVfZ3JhY2VfdGltZZRLAYwIY29hbGVzY2WUiIwNbWF4X2luc3RhbmNlc5RLAYwNbmV4dF9ydW5fdGltZZSMCGRhdGV0aW1llIwIZGF0ZXRpbWWUk5RDCgfoBAgAAAAAAACUaBiGlFKUdS4="}}, {"model": "django_apscheduler.djangojob", "pk": "my_job", "fields": {"next_run_time": "2024-04-08T17:29:00Z", "job_state": "gAWVMwQAAAAAAAB9lCiMB3ZlcnNpb26USwGMAmlklIwGbXlfam9ilIwEZnVuY5SMLm5ld3MubWFuYWdlbWVudC5jb21tYW5kcy5ydW5hcHNjaGVkdWxlcjpteV9qb2KUjAd0cmlnZ2VylIwZYXBzY2hlZHVsZXIudHJpZ2dlcnMuY3JvbpSMC0Nyb25UcmlnZ2VylJOUKYGUfZQoaAFLAowIdGltZXpvbmWUjAhidWlsdGluc5SMB2dldGF0dHKUk5SMCHpvbmVpbmZvlIwIWm9uZUluZm+Uk5SMCV91bnBpY2tsZZSGlFKUjA1FdXJvcGUvTW9zY293lEsBhpRSlIwKc3RhcnRfZGF0ZZROjAhlbmRfZGF0ZZROjAZmaWVsZHOUXZQojCBhcHNjaGVkdWxlci50cmlnZ2Vycy5jcm9uLmZpZWxkc5SMCUJhc2VGaWVsZJSTlCmBlH2UKIwEbmFtZZSMBHllYXKUjAppc19kZWZhdWx0lIiMC2V4cHJlc3Npb25zlF2UjCVhcHNjaGVkdWxlci50cmlnZ2Vycy5jcm9uLmV4cHJlc3Npb25zlIwNQWxsRXhwcmVzc2lvbpSTlCmBlH2UjARzdGVwlE5zYmF1YmgdjApNb250aEZpZWxklJOUKYGUfZQoaCKMBW1vbnRolGgkiGglXZRoKSmBlH2UaCxOc2JhdWJoHYwPRGF5T2ZNb250aEZpZWxklJOUKYGUfZQoaCKMA2RheZRoJIhoJV2UaCkpgZR9lGgsTnNiYXViaB2MCVdlZWtGaWVsZJSTlCmBlH2UKGgijAR3ZWVrlGgkiGglXZRoKSmBlH2UaCxOc2JhdWJoHYwORGF5T2ZXZWVrRmllbGSUk5QpgZR9lChoIowLZGF5X29mX3dlZWuUaCSJaCVdlGgnjBZXZWVrZGF5UmFuZ2VFeHByZXNzaW9ulJOUKYGUfZQoaCxOjAVmaXJzdJRLAIwEbGFzdJRLAHViYXViaB8pgZR9lChoIowEaG91cpRoJIloJV2UaCeMD1JhbmdlRXhwcmVzc2lvbpSTlCmBlH2UKGgsTmhPSxRoUEsUdWJhdWJoHymBlH2UKGgijAZtaW51dGWUaCSJaCVdlGhWKYGUfZQoaCxOaE9LHWhQSx11YmF1YmgfKYGUfZQoaCKMBnNlY29uZJRoJIhoJV2UaFYpgZR9lChoLE5oT0sAaFBLAHViYXViZYwGaml0dGVylE51YowIZXhlY3V0b3KUjAdkZWZhdWx0lIwEYXJnc5QpjAZrd2FyZ3OUfZRoImgDjBJtaXNmaXJlX2dyYWNlX3RpbWWUSwGMCGNvYWxlc2NllIiMDW1heF9pbnN0YW5jZXOUSwGMDW5leHRfcnVuX3RpbWWUjAhkYXRldGltZZSMCGRhdGV0aW1llJOUQwoH6AQIFB0AAAAAlGgYhpRSlHUu"}}, {"model": "django_apscheduler.djangojobexecution", "pk": 1, "fields": {"job": "my_job", "status": "Error!", "run_time": "2024-04-01T16:36:00Z", "duration": "0.03", "finished": "1711989360.03", "exception": "Cannot resolve keyword 'name' into field. Choices are: category, id, post, postcategory, subscriber", "traceback": "  File \"C:\\Users\\Admin\\PycharmProjects\\Modul_Django\\News_post\\venv\\lib\\site-packages\\apscheduler\\executors\\base.py\", line 125, in run_job\n    retval = job.func(*job.args, **job.kwargs)\n  File \"C:\\Users\\Admin\\PycharmProjects\\Modul_Django\\News_post\\NewsPaper\\news\\management\\commands\\runapscheduler.py\", line 24, in my_job\n    categories = set(posts.values_list('category__name', flat=True))\n  File \"C:\\Users\\Admin\\PycharmProjects\\Modul_Django\\News_post\\venv\\lib\\site-packages\\django\\db\\models\\query.py\", line 1390, in values_list\n    clone = self._values(*_fields, **expressions)\n  File \"C:\\Users\\Admin\\PycharmProjects\\Modul_Django\\News_post\\venv\\lib\\site-packages\\django\\db\\models\\query.py\", line 1353, in _values\n    clone.query.set_values(fields)\n  File \"C:\\Users\\Admin\\PycharmProjects\\Modul_Django\\News_post\\venv\\lib\\site-packages\\django\\db\\models\\sql\\query.py\", line 2491, in set_values\n    self.add_fields(field_names, True)\n  File \"C:\\Users\\Admin\\PycharmProjects\\Modul_Django\\News_post\\venv\\lib\\site-packages\\django\\db\\models\\sql\\query.py\", line 2197, in add_fields\n    cols.append(join_info.transform_function(target, final_alias))\n  File \"C:\\Users\\Admin\\PycharmProjects\\Modul_Django\\News_post\\venv\\lib\\site-packages\\django\\db\\models\\sql\\query.py\", line 1883, in transform\n    raise last_field_exception\n  File \"C:\\Users\\Admin\\PycharmProjects\\Modul_Django\\News_post\\venv\\lib\\site-packages\\django\\db\\models\\sql\\query.py\", line 1856, in setup_joins\n    path, final_field, targets, rest = self.names_to_path(\n  File \"C:\\Users\\Admin\\PycharmProjects\\Modul_Django\\News_post\\venv\\lib\\site-packages\\django\\db\\models\\sql\\query.py\", line 1761, in names_to_path\n    raise FieldError(\n"}}, {"model": "django_apscheduler.djangojobexecution", "pk": 2, "fields": {"job": "my_job", "status": "Executed", "run_time": "2024-04-01T16:42:50Z", "duration": "0.01", "finished": "1711989770.01", "exception": null, "traceback": null}}, {"model": "django_apscheduler.djangojobexecution", "pk": 3, "fields": {"job": "my_job", "status": "Executed", "run_time": "2024-04-01T16:43:00Z", "duration": "0.01", "finished": "1711989780.01", "exception": null, "traceback": null}}, {"model": "django_apscheduler.djangojobexecution", "pk": 4, "fields": {"job": "my_job", "status": "Error!", "run_time": "2024-04-01T16:46:00Z", "duration": "0.05", "finished": "1711989960.05", "exception": "Cannot resolve keyword 'name' into field. Choices are: category, id, post, postcategory, subscriber", "traceback": "  File \"C:\\Users\\Admin\\PycharmProjects\\Modul_Django\\News_post\\venv\\lib\\site-packages\\apscheduler\\executors\\base.py\", line 125, in run_job\n    retval = job.func(*job.args, **job.kwargs)\n  File \"C:\\Users\\Admin\\PycharmProjects\\Modul_Django\\News_post\\NewsPaper\\news\\management\\commands\\runapscheduler.py\", line 25, in my_job\n    subscribers = set(Category.objects.filter(name__in=categories).values_list('subscriber__email', flat=True))\n  File \"C:\\Users\\Admin\\PycharmProjects\\Modul_Django\\News_post\\venv\\lib\\site-packages\\django\\db\\models\\manager.py\", line 87, in manager_method\n    return getattr(self.get_queryset(), name)(*args, **kwargs)\n  File \"C:\\Users\\Admin\\PycharmProjects\\Modul_Django\\News_post\\venv\\lib\\site-packages\\django\\db\\models\\query.py\", line 1476, in filter\n    return self._filter_or_exclude(False, args, kwargs)\n  File \"C:\\Users\\Admin\\PycharmProjects\\Modul_Django\\News_post\\venv\\lib\\site-packages\\django\\db\\models\\query.py\", line 1494, in _filter_or_exclude\n    clone._filter_or_exclude_inplace(negate, args, kwargs)\n  File \"C:\\Users\\Admin\\PycharmProjects\\Modul_Django\\News_post\\venv\\lib\\site-packages\\django\\db\\models\\query.py\", line 1501, in _filter_or_exclude_inplace\n    self._query.add_q(Q(*args, **kwargs))\n  File \"C:\\Users\\Admin\\PycharmProjects\\Modul_Django\\News_post\\venv\\lib\\site-packages\\django\\db\\models\\sql\\query.py\", line 1602, in add_q\n    clause, _ = self._add_q(q_object, self.used_aliases)\n  File \"C:\\Users\\Admin\\PycharmProjects\\Modul_Django\\News_post\\venv\\lib\\site-packages\\django\\db\\models\\sql\\query.py\", line 1634, in _add_q\n    child_clause, needed_inner = self.build_filter(\n  File \"C:\\Users\\Admin\\PycharmProjects\\Modul_Django\\News_post\\venv\\lib\\site-packages\\django\\db\\models\\sql\\query.py\", line 1484, in build_filter\n    lookups, parts, reffed_expression = self.solve_lookup_type(arg, summarize)\n  File \"C:\\Users\\Admin\\PycharmProjects\\Modul_Django\\News_post\\venv\\lib\\site-packages\\django\\db\\models\\sql\\query.py\", line 1296, in solve_lookup_type\n    _, field, _, lookup_parts = self.names_to_path(lookup_splitted, self.get_meta())\n  File \"C:\\Users\\Admin\\PycharmProjects\\Modul_Django\\News_post\\venv\\lib\\site-packages\\django\\db\\models\\sql\\query.py\", line 1761, in names_to_path\n    raise FieldError(\n"}}, {"model": "django_apscheduler.djangojobexecution", "pk": 5, "fields": {"job": "my_job", "status": "Error!", "run_time": "2024-04-01T16:52:00Z", "duration": "0.03", "finished": "1711990320.03", "exception": "Cannot resolve keyword 'name' into field. Choices are: category, id, post, postcategory, subscriber", "traceback": "  File \"C:\\Users\\Admin\\PycharmProjects\\Modul_Django\\News_post\\venv\\lib\\site-packages\\apscheduler\\executors\\base.py\", line 125, in run_job\n    retval = job.func(*job.args, **job.kwargs)\n  File \"C:\\Users\\Admin\\PycharmProjects\\Modul_Django\\News_post\\NewsPaper\\news\\management\\commands\\runapscheduler.py\", line 24, in my_job\n    categories = set(posts.values_list('category__name', flat=True))\n  File \"C:\\Users\\Admin\\PycharmProjects\\Modul_Django\\News_post\\venv\\lib\\site-packages\\django\\db\\models\\query.py\", line 1390, in values_list\n    clone = self._values(*_fields, **expressions)\n  File \"C:\\Users\\Admin\\PycharmProjects\\Modul_Django\\News_post\\venv\\lib\\site-packages\\django\\db\\models\\query.py\", line 1353, in _values\n    clone.query.set_values(fields)\n  File \"C:\\Users\\Admin\\PycharmProjects\\Modul_Django\\News_post\\venv\\lib\\site-packages\\django\\db\\models\\sql\\query.py\", line 2491, in set_values\n    self.add_fields(field_names, True)\n  File \"C:\\Users\\Admin\\PycharmProjects\\Modul_Django\\News_post\\venv\\lib\\site-packages\\django\\db\\models\\sql\\query.py\", line 2197, in add_fields\n    cols.append(join_info.transform_function(target, final_alias))\n  File \"C:\\Users\\Admin\\PycharmProjects\\Modul_Django\\News_post\\venv\\lib\\site-packages\\django\\db\\models\\sql\\query.py\", line 1883, in transform\n    raise last_field_exception\n  File \"C:\\Users\\Admin\\PycharmProjects\\Modul_Django\\News_post\\venv\\lib\\site-packages\\django\\db\\models\\sql\\query.py\", line 1856, in setup_joins\n    path, final_field, targets, rest = self.names_to_path(\n  File \"C:\\Users\\Admin\\PycharmProjects\\Modul_Django\\News_post\\venv\\lib\\site-packages\\django\\db\\models\\sql\\query.py\", line 1761, in names_to_path\n    raise FieldError(\n"}}, {"model": "django_apscheduler.djangojobexecution", "pk": 6, "fields": {"job": "my_job", "status": "Error!", "run_time": "2024-04-01T17:01:00Z", "duration": "0.06", "finished": "1711990860.06", "exception": "Cannot resolve keyword 'name' into field. Choices are: category, id, post, postcategory, subscriber", "traceback": "  File \"C:\\Users\\Admin\\PycharmProjects\\Modul_Django\\News_post\\venv\\lib\\site-packages\\apscheduler\\executors\\base.py\", line 125, in run_job\n    retval = job.func(*job.args, **job.kwargs)\n  File \"C:\\Users\\Admin\\PycharmProjects\\Modul_Django\\News_post\\NewsPaper\\news\\management\\commands\\runapscheduler.py\", line 25, in my_job\n    subscribers = set(Category.objects.filter(name__in=categories).values_list('subscriber__email', flat=True))\n  File \"C:\\Users\\Admin\\PycharmProjects\\Modul_Django\\News_post\\venv\\lib\\site-packages\\django\\db\\models\\manager.py\", line 87, in manager_method\n    return getattr(self.get_queryset(), name)(*args, **kwargs)\n  File \"C:\\Users\\Admin\\PycharmProjects\\Modul_Django\\News_post\\venv\\lib\\site-packages\\django\\db\\models\\query.py\", line 1476, in filter\n    return self._filter_or_exclude(False, args, kwargs)\n  File \"C:\\Users\\Admin\\PycharmProjects\\Modul_Django\\News_post\\venv\\lib\\site-packages\\django\\db\\models\\query.py\", line 1494, in _filter_or_exclude\n    clone._filter_or_exclude_inplace(negate, args, kwargs)\n  File \"C:\\Users\\Admin\\PycharmProjects\\Modul_Django\\News_post\\venv\\lib\\site-packages\\django\\db\\models\\query.py\", line 1501, in _filter_or_exclude_inplace\n    self._query.add_q(Q(*args, **kwargs))\n  File \"C:\\Users\\Admin\\PycharmProjects\\Modul_Django\\News_post\\venv\\lib\\site-packages\\django\\db\\models\\sql\\query.py\", line 1602, in add_q\n    clause, _ = self._add_q(q_object, self.used_aliases)\n  File \"C:\\Users\\Admin\\PycharmProjects\\Modul_Django\\News_post\\venv\\lib\\site-packages\\django\\db\\models\\sql\\query.py\", line 1634, in _add_q\n    child_clause, needed_inner = self.build_filter(\n  File \"C:\\Users\\Admin\\PycharmProjects\\Modul_Django\\News_post\\venv\\lib\\site-packages\\django\\db\\models\\sql\\query.py\", line 1484, in build_filter\n    lookups, parts, reffed_expression = self.solve_lookup_type(arg, summarize)\n  File \"C:\\Users\\Admin\\PycharmProjects\\Modul_Django\\News_post\\venv\\lib\\site-packages\\django\\db\\models\\sql\\query.py\", line 1296, in solve_lookup_type\n    _, field, _, lookup_parts = self.names_to_path(lookup_splitted, self.get_meta())\n  File \"C:\\Users\\Admin\\PycharmProjects\\Modul_Django\\News_post\\venv\\lib\\site-packages\\django\\db\\models\\sql\\query.py\", line 1761, in names_to_path\n    raise FieldError(\n"}}, {"model": "django_apscheduler.djangojobexecution", "pk": 7, "fields": {"job": "my_job", "status": "Error!", "run_time": "2024-04-01T17:02:00Z", "duration": "0.09", "finished": "1711990920.09", "exception": "Cannot resolve keyword 'name' into field. Choices are: category, id, post, postcategory, subscriber", "traceback": "  File \"C:\\Users\\Admin\\PycharmProjects\\Modul_Django\\News_post\\venv\\lib\\site-packages\\apscheduler\\executors\\base.py\", line 125, in run_job\n    retval = job.func(*job.args, **job.kwargs)\n  File \"C:\\Users\\Admin\\PycharmProjects\\Modul_Django\\News_post\\NewsPaper\\news\\management\\commands\\runapscheduler.py\", line 25, in my_job\n    subscribers = set(Category.objects.filter(name__in=categories).values_list('subscriber__email', flat=True))\n  File \"C:\\Users\\Admin\\PycharmProjects\\Modul_Django\\News_post\\venv\\lib\\site-packages\\django\\db\\models\\manager.py\", line 87, in manager_method\n    return getattr(self.get_queryset(), name)(*args, **kwargs)\n  File \"C:\\Users\\Admin\\PycharmProjects\\Modul_Django\\News_post\\venv\\lib\\site-packages\\django\\db\\models\\query.py\", line 1476, in filter\n    return self._filter_or_exclude(False, args, kwargs)\n  File \"C:\\Users\\Admin\\PycharmProjects\\Modul_Django\\News_post\\venv\\lib\\site-packages\\django\\db\\models\\query.py\", line 1494, in _filter_or_exclude\n    clone._filter_or_exclude_inplace(negate, args, kwargs)\n  File \"C:\\Users\\Admin\\PycharmProjects\\Modul_Django\\News_post\\venv\\lib\\site-packages\\django\\db\\models\\query.py\", line 1501, in _filter_or_exclude_inplace\n    self._query.add_q(Q(*args, **kwargs))\n  File \"C:\\Users\\Admin\\PycharmProjects\\Modul_Django\\News_post\\venv\\lib\\site-packages\\django\\db\\models\\sql\\query.py\", line 1602, in add_q\n    clause, _ = self._add_q(q_object, self.used_aliases)\n  File \"C:\\Users\\Admin\\PycharmProjects\\Modul_Django\\News_post\\venv\\lib\\site-packages\\django\\db\\models\\sql\\query.py\", line 1634, in _add_q\n    child_clause, needed_inner = self.build_filter(\n  File \"C:\\Users\\Admin\\PycharmProjects\\Modul_Django\\News_post\\venv\\lib\\site-packages\\django\\db\\models\\sql\\query.py\", line 1484, in build_filter\n    lookups, parts, reffed_expression = self.solve_lookup_type(arg, summarize)\n  File \"C:\\Users\\Admin\\PycharmProjects\\Modul_Django\\News_post\\venv\\lib\\site-packages\\django\\db\\models\\sql\\query.py\", line 1296, in solve_lookup_type\n    _, field, _, lookup_parts = self.names_to_path(lookup_splitted, self.get_meta())\n  File \"C:\\Users\\Admin\\PycharmProjects\\Modul_Django\\News_post\\venv\\lib\\site-packages\\django\\db\\models\\sql\\query.py\", line 1761, in names_to_path\n    raise FieldError(\n"}}, {"model": "django_apscheduler.djangojobexecution", "pk": 8, "fields": {"job": "my_job", "status": "Executed", "run_time": "2024-04-01T17:04:00Z", "duration": "1.69", "finished": "1711991041.69", "exception": null, "traceback": null}}, {"model": "django_apscheduler.djangojobexecution", "pk": 9, "fields": {"job": "my_job", "status": "Executed", "run_time": "2024-04-01T17:07:00Z", "duration": "1.64", "finished": "1711991221.64", "exception": null, "traceback": null}}, {"model": "django_apscheduler.djangojobexecution", "pk": 10, "fields": {"job": "my_job", "status": "Executed", "run_time": "2024-04-01T17:08:00Z", "duration": "2.02", "finished": "1711991282.02", "exception": null, "traceback": null}}, {"model": "django_apscheduler.djangojobexecution", "pk": 11, "fields": {"job": "my_job", "status": "Executed", "run_time": "2024-04-01T17:12:00Z", "duration": "1.59", "finished": "1711991521.59", "exception": null, "traceback": null}}, {"model": "django_apscheduler.djangojobexecution", "pk": 12, "fields": {"job": "my_job", "status": "Executed", "run_time": "2024-04-01T17:29:00Z", "duration": "1.54", "finished": "1711992541.54", "exception": null, "traceback": null}}]